time,open,high,low,close,KAMA,Volume,Volume MA
2020-11-11T02:00:00+02:00,450.34,476.25,449.28,463.09,409.6052558415134,1205782.84262,891616.6907050011
2020-11-12T02:00:00+02:00,463.09,470,451.2,462.39,411.5399887184909,990776.62912,904763.9060410012
2020-11-13T02:00:00+02:00,462.48,478.01,457.12,476.43,415.1008062324193,976665.09752,932635.3173640013
2020-11-14T02:00:00+02:00,476.42,477.47,452,460.89,416.6059149124974,735252.7854,948618.6078290012
2020-11-15T02:00:00+02:00,460.9,462.89,440.19,448.08,417.44309422156607,665217.56671,937122.3525315011
2020-11-16T02:00:00+02:00,448.07,466,445.45,460.55,419.6041309845189,812060.44638,940013.1560745012
2020-11-17T02:00:00+02:00,460.51,484.88,459.8,482.15,423.25327899636,1151573.37456,954828.0513615012
2020-11-18T02:00:00+02:00,482.11,495.31,456.6,478.41,427.4692369389405,1477696.29116,1000058.0652115012
2020-11-19T02:00:00+02:00,478.43,480.75,464.86,471.25,430.37561039816256,817418.52685,1002341.4541810012
2020-11-20T02:00:00+02:00,471.26,514.4,470.65,510.12,438.73083888786715,1516361.90736,1054786.859024001
2020-11-21T02:00:00+02:00,510.12,553.32,502.82,552.35,453.68987205100416,1548851.29067,1110281.775775001
2020-11-22T02:00:00+02:00,552.42,580.88,511.28,560.03,467.51280005278795,1850317.93581,1163799.243587001
2020-11-23T02:00:00+02:00,560.03,610.85,550.12,608.58,494.1285191835047,2076008.84846,1229951.967453001
2020-11-24T02:00:00+02:00,608.58,623,585,604.97,513.8390548557771,1606450.49193,1252421.274511501
2020-11-25T02:00:00+02:00,604.98,606,553.83,569.5,519.698737521117,1219440.02727,1239636.287204001
2020-11-26T02:00:00+02:00,569.38,577.14,481,519.83,519.7046117418633,2683460.74171,1289687.2762765011
2020-11-27T02:00:00+02:00,519.83,530.62,493.72,518.68,519.6774332834921,1088064.28114,1261419.660528501
2020-11-28T02:00:00+02:00,518.59,547.94,506.59,537.52,520.5856235131396,900508.61431,1264399.6678235012
2020-11-29T02:00:00+02:00,537.5,576.9,530.32,576.3,523.9901893781258,855276.46664,1252202.828835001
2020-11-30T02:00:00+02:00,576.32,616.85,570.07,616.66,532.5790190762859,1501989.45408,1283958.6809850011
2020-12-01T02:00:00+02:00,616.65,635.7,560,585.26,535.6621285919074,2163875.81376,1331863.3295420012
2020-12-02T02:00:00+02:00,585.26,604.93,575,596.89,539.2146674750114,1069538.65619,1335801.4308955013
2020-12-03T02:00:00+02:00,596.88,623.44,585.82,615.85,544.3557994092486,935687.91723,1333752.5718810011
2020-12-04T02:00:00+02:00,615.84,620,565.82,567.24,545.0311172759647,1052452.78666,1349612.5719440011
2020-12-05T02:00:00+02:00,567.24,597.11,560.88,596.8,547.5541794854512,701567.95564,1351430.0913905012
2020-12-06T02:00:00+02:00,596.82,607.5,583,601.54,550.7605775135247,602496.96339,1340951.917241001
2020-12-07T02:00:00+02:00,601.59,603.15,584.22,591.28,552.6830737229465,498329.37589,1308289.7173075012
2020-12-08T02:00:00+02:00,591.27,595,549.22,554.94,552.7321653190593,804443.00717,1274627.0531080014
2020-12-09T02:00:00+02:00,554.92,578.08,530.43,573.09,553.3175339174824,997192.16738,1283615.7351345015
2020-12-10T02:00:00+02:00,573.2,575.7,548.11,558.99,553.4639084313686,608414.51466,1238218.3654995016
2020-12-11T02:00:00+02:00,558.99,560.8,535.5,544.43,553.3665061980861,768921.78317,1199221.8901245014
2020-12-12T02:00:00+02:00,544.46,574,543.1,568.04,553.4679579611168,573913.95311,1135401.6909895013
2020-12-13T02:00:00+02:00,568.09,595,563.22,590.7,553.8395948110887,657794.46158,1064490.9716455014
2020-12-14T02:00:00+02:00,590.81,591.48,575.6,586.29,554.1179423634882,493012.02706,1008819.0484020014
2020-12-15T02:00:00+02:00,586.29,597.2,578.58,588.64,554.368259516158,569270.52011,976310.5730440014
2020-12-16T02:00:00+02:00,588.78,640,580.71,637.18,556.1773927680393,1185588.05078,901416.9384975012
2020-12-17T02:00:00+02:00,637.18,676.25,625.76,642.7,560.7846244318289,2006130.01975001,947320.2254280017
2020-12-18T02:00:00+02:00,642.71,664.61,629.4,653.85,566.2970859342813,1000012.98018,952295.4437215017
2020-12-19T02:00:00+02:00,653.76,669.95,645.42,658.03,571.119899565922,858803.88459,952471.8146190017
2020-12-20T02:00:00+02:00,658.05,661.39,621.01,638.18,572.6881318494384,823958.22843,918570.2533365017
2020-12-21T02:00:00+02:00,638.1,648,595.9,607.58,572.8992333506782,834470.38231,852099.9817640018
2020-12-22T02:00:00+02:00,607.68,637.73,588,636.45,574.1421175040564,918851.25654,844565.6117815018
2020-12-23T02:00:00+02:00,636.41,638.44,551.28,585.56,574.2146724042493,1208807.36518,858221.5841790016
2020-12-24T02:00:00+02:00,585.48,615.02,565.43,612.31,574.3969528502839,886335.86333,849915.7380125016
2020-12-25T02:00:00+02:00,612.31,634.24,604.28,626.82,575.5686719950558,798009.62915,854737.8216880016
2020-12-26T02:00:00+02:00,626.78,652.91,615.26,637.44,576.5386421286648,958585.50647,872542.2488420015
2020-12-27T02:00:00+02:00,637.44,717.13,625,685.11,579.9520292454665,1859968.15029,940624.1875620015
2020-12-28T02:00:00+02:00,685.1,748.09,681.04,730.41,588.5189418058037,1627154.39266,981759.7568365015
2020-12-29T02:00:00+02:00,730.4,740.78,689.2,732,601.7228595642524,1106876.35855,987243.9663950015
2020-12-30T02:00:00+02:00,732,758.74,716.62,752.17,615.7175225091336,1008574.09906,1007251.9456150014
2020-12-31T02:00:00+02:00,752.17,755.74,722,736.42,626.7189401092322,863375.57981,1011974.6354470014
2021-01-01T02:00:00+02:00,736.42,749,714.29,728.91,636.876091831287,675114.09329,1017034.6424560016
2021-01-02T02:00:00+02:00,728.91,787.69,714.91,774.56,652.0437665718792,1352618.57668,1051775.8482110016
2021-01-03T02:00:00+02:00,774.44,1011.07,768.71,978.28,711.1380648860508,2813603.88615,1167805.4411655017
2021-01-04T02:00:00+02:00,978.33,1162.97,890,1041.43,778.9724489118973,4245010.94004,1351592.4621620015
2021-01-05T02:00:00+02:00,1041.45,1134.6,974.45,1099.56,849.4298149403317,2706995.67525,1427662.8433855018
2021-01-06T02:00:00+02:00,1100.16,1213,1057.26,1208.42,933.282592578532,2390136.59334,1446863.1720650014
2021-01-07T02:00:00+02:00,1208.75,1289,1131,1224.87,1002.0701245071391,1972922.82059,1495508.6640855013
2021-01-08T02:00:00+02:00,1224.86,1273.75,1065,1216.93,1050.2360941444458,2131172.92341001,1559127.1160265019
2021-01-09T02:00:00+02:00,1216.72,1304.37,1171.36,1276,1103.4372844052973,1448871.11514,1590372.7603620018
2021-01-10T02:00:00+02:00,1276,1348.33,1170,1254.25,1138.6555579237765,1951179.35003,1646208.208748002
2021-01-11T02:00:00+02:00,1254.24,1260,915,1087.01,1132.4447553210669,4068784.65678,1803704.8787600019
2021-01-12T02:00:00+02:00,1087,1150.02,1006.33,1050.16,1124.7298896940943,2302645.34052,1858396.777527002
2021-01-13T02:00:00+02:00,1050.36,1137.65,987.48,1129.89,1125.4510695263773,1564202.39081,1892290.1039010019
2021-01-14T02:00:00+02:00,1129.79,1247.55,1086.7,1231.62,1141.8632146336831,1555737.38556,1930176.4917215016
2021-01-15T02:00:00+02:00,1231.89,1256.98,1069.42,1168.53,1144.9490536101878,1944038.83738,1979449.1582670014
2021-01-16T02:00:00+02:00,1168.48,1298,1151.77,1227.83,1155.280429770231,1575384.43797,1965219.9726510015
2021-01-17T02:00:00+02:00,1227.83,1269.02,1165,1232.45,1164.2916529899574,1317285.00579,1949726.5033075016
2021-01-18T02:00:00+02:00,1232.5,1260.75,1182.58,1258.45,1174.944654352124,998050.11073,1944285.1909165017
2021-01-19T02:00:00+02:00,1258.52,1438.3,1251.49,1365.36,1200.121366749434,2278852.55758,2007799.1138425018
2021-01-20T02:00:00+02:00,1365.36,1407.93,1235.42,1376.99,1223.2451144580143,2219137.62144,2075587.2159240018
2021-01-21T02:00:00+02:00,1376.72,1390,1086,1110.96,1218.1428033956502,2310208.57298,2157341.9399085017
2021-01-22T02:00:00+02:00,1111.98,1273.79,1042.31,1232.62,1219.0507735862652,2020593.21673,2190740.671911002
2021-01-23T02:00:00+02:00,1232.61,1272.44,1195.9,1233.6,1219.879901425871,1009545.08258,2100537.7317325016
2021-01-24T02:00:00+02:00,1233.46,1398.83,1220,1392.51,1228.7196922337355,1510879.53817,1963831.161639002
2021-01-25T02:00:00+02:00,1392.19,1475,1293.69,1317.88,1231.3474834613805,1885441.31289,1922753.4435210018
2021-01-26T02:00:00+02:00,1317.6,1378.49,1244.56,1365.97,1235.1677401524714,1682923.65799,1887392.796753502
2021-01-27T02:00:00+02:00,1366.54,1373.9,1207,1239.03,1235.1902285184249,2009772.08358,1889235.259903002
2021-01-28T02:00:00+02:00,1238.93,1360,1217.23,1329.69,1236.1945583843699,1365269.71962,1850940.0997135013
2021-01-29T02:00:00+02:00,1329.44,1436.9,1285.35,1379.5,1238.3576115750743,2253963.18682,1891194.7032975014
2021-01-30T02:00:00+02:00,1379.56,1406,1326.41,1378.05,1239.823462295114,1040042.2363,1845637.8476110015
2021-01-31T02:00:00+02:00,1378.04,1380.74,1281.12,1312.55,1240.3563881416871,958704.85571,1690133.8575575016
2021-02-01T02:00:00+02:00,1312.45,1377.99,1269.99,1374.17,1244.4777359644204,1096397.91862,1629821.4864625016
2021-02-02T02:00:00+02:00,1374.09,1547.9,1360.28,1511.87,1258.8827942980488,1944227.99878,1648822.7668610015
2021-02-03T02:00:00+02:00,1511.93,1669.35,1508.39,1664.49,1284.3117547529785,1535869.88801,1647829.3919835016
2021-02-04T02:00:00+02:00,1664.67,1695.2,1554.44,1595.67,1295.974462015549,1646433.59589,1632949.1299090018
2021-02-05T02:00:00+02:00,1595.53,1760.49,1591,1719.19,1323.058227652822,1194123.29946,1613886.0729835017
2021-02-06T02:00:00+02:00,1718.95,1743.67,1642.94,1676.35,1340.0744868211914,1149808.33101,1605512.2392445016
2021-02-07T02:00:00+02:00,1676.35,1693,1490.46,1611.62,1349.9944468610217,1281734.86814,1619696.4771150018
2021-02-08T02:00:00+02:00,1611.46,1775.57,1563.89,1750.15,1369.196332454587,1339665.46592,1572737.122532002
2021-02-09T02:00:00+02:00,1749.68,1821.88,1708.49,1769.13,1384.8011088813505,1185071.89593,1521033.8362565017
2021-02-10T02:00:00+02:00,1769.14,1837.86,1680,1740.78,1396.7577889091249,1219932.25474,1466520.0203445018
2021-02-11T02:00:00+02:00,1740.76,1819,1703.44,1785.62,1435.2976833456405,735079.82699,1402244.3508575018
2021-02-12T02:00:00+02:00,1785.83,1864.88,1739.88,1840.26,1471.6647238590706,909600.20653,1397247.107055002
2021-02-13T02:00:00+02:00,1840.24,1871.72,1765,1814.96,1499.7517119156946,767589.07285,1360082.583789002
2021-02-14T02:00:00+02:00,1815.25,1850,1784.11,1800.42,1516.43920149361,675261.77873,1299573.607081002
2021-02-15T02:00:00+02:00,1800.03,1835.72,1655.67,1779.25,1534.965144553224,1053474.57879,1268101.153121002
2021-02-16T02:00:00+02:00,1779.33,1827.28,1724,1781.99,1550.639838883846,817493.47513,1208487.222698502
2021-02-17T02:00:00+02:00,1781.99,1855,1733.01,1849.88,1587.8001976765643,795711.63311,1180009.318373002
2021-02-18T02:00:00+02:00,1849.7,1950.5,1849.69,1939.61,1631.4320945347367,937227.10191,1114172.514127502
2021-02-19T02:00:00+02:00,1938.91,1972.82,1891,1955,1669.6020285022016,793404.4115,1101840.622887502
2021-02-20T02:00:00+02:00,1955.46,2042.34,1803.14,1913,1693.8453238442207,1261315.81279,1116971.170741502
2021-02-21T02:00:00+02:00,1912.9,1976.31,1883.01,1933.53,1726.0548759157568,756568.19743,1099979.6846820018
2021-02-22T02:00:00+02:00,1933.54,1936.29,1551,1777.58,1729.194133159107,1807244.98099,1093130.5337925018
2021-02-23T02:00:00+02:00,1777.42,1782.39,1355,1577.89,1727.8851757515442,2547837.82068,1143728.930426002
2021-02-24T02:00:00+02:00,1577.79,1712.7,1500.2,1623.39,1727.1526169744827,1384388.81727,1130626.6914950018
2021-02-25T02:00:00+02:00,1623.16,1671.59,1459.16,1481.75,1723.910547224009,1032670.79409,1122554.0662265017
2021-02-26T02:00:00+02:00,1482.08,1562.25,1400,1444.59,1713.3613941889937,1355973.29378,1132862.3143650019
2021-02-27T02:00:00+02:00,1444.56,1529,1425,1458.13,1705.9754487164953,927423.0475,1115146.7233330016
2021-02-28T02:00:00+02:00,1458.27,1468.75,1293.18,1419.18,1698.6693778513593,1410207.56284,1118673.8281790016
2021-03-01T02:00:00+02:00,1418.67,1572,1409.91,1569.86,1695.6649924661044,1094695.17839,1114154.9923020017
2021-03-02T02:00:00+02:00,1570,1602.9,1455.52,1486.78,1687.6554482393026,1061142.38743,1106215.4989365018
2021-03-03T02:00:00+02:00,1486.79,1656.94,1475.47,1567.69,1685.2413049511674,1054846.31471,1122203.8233225015
2021-03-04T02:00:00+02:00,1567.68,1624.87,1506.36,1539.23,1680.719794318713,946365.67088,1124042.0965400017
2021-03-05T02:00:00+02:00,1539.22,1548.96,1441.66,1528.31,1673.9706941746347,910786.28976,1131201.9573855016
2021-03-06T02:00:00+02:00,1528.08,1671.58,1513.03,1650.35,1673.5330458968285,1013300.93928,1148103.9154130016
2021-03-07T02:00:00+02:00,1650.68,1734.16,1630.35,1726.16,1674.0123919511086,848470.78136,1137853.7255415015
2021-03-08T02:00:00+02:00,1726.46,1843.59,1664.96,1833.18,1675.1815883973045,1149711.39987,1154464.6217785017
2021-03-09T02:00:00+02:00,1833.22,1870.77,1798.2,1870.51,1677.0782217542524,857229.47855,1157540.5140505014
2021-03-10T02:00:00+02:00,1870.5,1877.69,1757,1795.12,1677.9402638370757,937230.62831,1157540.6903705015
2021-03-11T02:00:00+02:00,1795.28,1846.7,1725,1825.78,1679.7214603738444,909011.4961,1163321.0446005014
2021-03-12T02:00:00+02:00,1825.78,1841.88,1719.72,1766.1,1681.3540470805929,869564.6361,1143733.4857660015
2021-03-13T02:00:00+02:00,1766.13,1944.3,1727.75,1922.35,1682.4640012854497,926283.22642,1152219.2372155017
2021-03-14T02:00:00+02:00,1922.35,1933.1,1836,1848.1,1683.936624861415,637963.63627,1093755.1699795017
2021-03-15T02:00:00+02:00,1848.1,1891.76,1730,1793.48,1684.4793942840824,1025326.79658,1017629.6187745018
2021-03-16T02:00:00+02:00,1793.99,1819.5,1711.68,1805.12,1687.5566630804706,764993.40147,986659.8479845019
2021-03-17T02:00:00+02:00,1805.01,1838.88,1741.18,1823.58,1690.616851803596,658349.44843,967943.780701502
2021-03-18T02:00:00+02:00,1823.58,1850,1759.04,1776.08,1694.0079948480443,603721.61056,930331.1965405021
2021-03-19T02:00:00+02:00,1775.92,1840.61,1733.47,1809.1,1700.1942560185057,500258.42875,908972.9656030021
2021-03-20T02:00:00+02:00,1809.01,1868.83,1800.86,1806.1,1705.58168768161,451556.10639,861040.3927805021
2021-03-21T02:00:00+02:00,1806.57,1817.16,1747,1782.98,1709.854054042873,465953.98749,829603.3332355021
2021-03-22T02:00:00+02:00,1783.23,1807.51,1655.15,1680.97,1709.4477168012272,582727.49081,805682.5884045021
2021-03-23T02:00:00+02:00,1681.17,1721.17,1650,1668.08,1708.4135952004708,577213.99589,781800.9724635022
2021-03-24T02:00:00+02:00,1668.2,1740.86,1536.92,1581.84,1707.7615754236851,753834.52393,772174.4151160022
2021-03-25T02:00:00+02:00,1581.88,1622,1549.4,1585.74,1706.7968446723776,701697.00258,761719.9507570022
2021-03-26T02:00:00+02:00,1585.83,1699.93,1585.79,1698.84,1706.6256176130273,515470.92907,736828.4502465023
2021-03-27T02:00:00+02:00,1698.84,1732.67,1666.41,1712.63,1706.6825448054703,443845.49957,716597.1861570023
2021-03-28T02:00:00+02:00,1712.52,1725.66,1661.4,1687.01,1706.5366591511145,348895.51314,676556.3918205022
2021-03-29T03:00:00+03:00,1687.16,1841,1677.85,1816.74,1707.1302419764652,647724.46387,666081.1410865022
2021-03-30T03:00:00+03:00,1816.76,1859.13,1786.3,1840.46,1708.0040031244098,568842.00526,647661.7099340023
2021-03-31T03:00:00+03:00,1840.41,1947.29,1768.15,1919.37,1711.7042792764098,746995.8591,639560.9280840022
2021-04-01T03:00:00+03:00,1919.37,1984.77,1885.02,1968.05,1716.7932991969758,741341.40519,633149.7665385023
2021-04-02T03:00:00+03:00,1968.05,2146,1948.48,2133.69,1741.7835699853877,846197.93215,629145.5018250023
2021-04-03T03:00:00+03:00,2133.69,2138.12,1996.3,2008.52,1744.8874750479713,770176.32192,635756.1361075023
2021-04-04T03:00:00+03:00,2008.59,2091.83,1975.24,2075.69,1755.5743691090045,514345.76554,610207.0845555023
2021-04-05T03:00:00+03:00,2075.7,2130.64,2002.15,2107.38,1773.6338512297511,684923.61494,606203.5952290024
2021-04-06T03:00:00+03:00,2107.43,2151,2044.65,2112.21,1790.6200649574732,673386.05575,606955.4255950024
2021-04-07T03:00:00+03:00,2112.22,2129.01,1930.01,1963.47,1793.5324824461843,892984.90422,621418.5902780023
2021-04-08T03:00:00+03:00,1963.46,2084.61,1947.35,2080.46,1804.932042389106,501355.998,621473.4687405023
2021-04-09T03:00:00+03:00,2080.39,2100,2047.57,2066.87,1813.4504536196885,426387.4379,620215.0353160023
2021-04-10T03:00:00+03:00,2067.19,2200,2058,2133.49,1826.8929116313634,655458.20894,629690.2463885022
2021-04-11T03:00:00+03:00,2133.49,2165.02,2113.4,2151.36,1843.046150493241,392265.50773,620167.1472345022
2021-04-12T03:00:00+03:00,2151.42,2203.46,2102,2137.69,1865.2376857378179,579093.35694,620261.1152870022
2021-04-13T03:00:00+03:00,2137.86,2318,2135.53,2299.19,1911.0777472469895,782608.6209,621699.8201355021
2021-04-14T03:00:00+03:00,2299.19,2447.29,2281.33,2432.6,1996.4813137324268,972931.60866,635261.5504395021
2021-04-15T03:00:00+03:00,2432.59,2543.47,2400,2514.04,2086.686506743825,681950.96645,643585.5523085021
2021-04-16T03:00:00+03:00,2514.04,2548.29,2300,2422.67,2126.345031643659,999163.75205,671351.4649325021
2021-04-17T03:00:00+03:00,2422.38,2495,2310,2317.6,2141.863160918917,624232.25568,685118.3020595021
2021-04-18T03:00:00+03:00,2317.65,2340,1946.8,2235.64,2148.0925062321767,1475383.69204,726501.2634680022
2021-04-19T03:00:00+03:00,2235.65,2300,2080,2161.12,2148.5620450310316,820592.26555,739088.7764825022
2021-04-20T03:00:00+03:00,2161.12,2346.62,2055,2330.03,2158.0205424232154,992240.809,751351.0239775022
2021-04-21T03:00:00+03:00,2330.26,2469.54,2235.16,2357.06,2167.246508361461,1177885.8617,773178.2468030022
2021-04-22T03:00:00+03:00,2357.06,2644.47,2303.44,2397.94,2177.739741377203,2213643.83479,841550.5419350022
2021-04-23T03:00:00+03:00,2397.94,2442.89,2107,2367.39,2182.1325704768497,2412052.15747,923644.3337125021
2021-04-24T03:00:00+03:00,2367.39,2368.74,2154.8,2213.35,2182.744435148669,997688.94623,947811.4927470023
2021-04-25T03:00:00+03:00,2214.08,2356.64,2168,2320.49,2185.951073718448,857517.38218,956441.1811090024
2021-04-26T03:00:00+03:00,2320.44,2542.8,2303.64,2532.6,2200.1780300740757,1076469.01367,976595.3290050024
2021-04-27T03:00:00+03:00,2532.06,2680,2480.29,2666.13,2225.407769302386,771728.46451,970532.5070195025
2021-04-28T03:00:00+03:00,2666.13,2760,2559.44,2748.24,2276.0041054983367,999383.1852,995433.8663795025
2021-04-29T03:00:00+03:00,2748.23,2798,2668,2757.04,2316.4102410610617,863890.01069,1017308.9950190025
2021-04-30T03:00:00+03:00,2757.04,2798.3,2723.09,2772.42,2357.2433715995217,695339.20482,1019303.0448130025
2021-05-01T03:00:00+03:00,2772.42,2954.28,2743.41,2944.77,2417.219555085951,690260.07741,1034202.7732970025
2021-05-02T03:00:00+03:00,2944.83,2985,2852.26,2949.56,2470.7540371825667,571982.5445,1033847.2326750025
2021-05-03T03:00:00+03:00,2949.33,3454,2949.32,3431.04,2619.050275806993,1329088.0628,1061171.2047700025
2021-05-04T03:00:00+03:00,3431.04,3527,3160,3239.01,2674.902607914643,1826039.38558,1103826.5936160025
2021-05-05T03:00:00+03:00,3239.01,3549.34,3200.23,3524.26,2762.9283427454507,1174816.73588,1128469.8820875024
2021-05-06T03:00:00+03:00,3524.33,3605.4,3376.47,3489.73,2827.8581740872305,920592.57706,1124541.3233380024
2021-05-07T03:00:00+03:00,3489.74,3587,3353.23,3479.53,2897.4973524279403,760544.64781,1131356.9429445025
2021-05-08T03:00:00+03:00,3479.79,3958.33,3449.27,3910.26,3070.3027673340657,1130467.54852,1114111.1357685025
2021-05-09T03:00:00+03:00,3910.26,3983.65,3726.08,3923.95,3238.146275159884,1000401.0082,1123101.5729010026
2021-05-10T03:00:00+03:00,3923.95,4208,3650,3945.88,3396.5418096861504,1505897.92612,1148784.4287570026
2021-05-11T03:00:00+03:00,3946.63,4180.22,3771.64,4173.45,3573.529728213823,1095927.10403,1144686.4908735026
2021-05-12T03:00:00+03:00,4173.46,4372.72,3701.58,3823.21,3605.449654863264,1601842.74017,1114096.4361425026
2021-05-13T03:00:00+03:00,3810.15,4034.77,3500,3717.91,3617.1682960789894,2068708.17427,1096929.2369825025
2021-05-14T03:00:00+03:00,3717.92,4173.28,3691.35,4075.01,3678.6905927181506,1153390.42631,1104714.3109865026
2021-05-15T03:00:00+03:00,4075.02,4134.05,3632,3646.68,3675.8264344130844,1039174.88082,1113797.1859185023
2021-05-16T03:00:00+03:00,3646.24,3879,3343.06,3582.1,3668.81881507911,1324065.65875,1126177.0181725023
2021-05-17T03:00:00+03:00,3581.81,3587.06,3102,3282.51,3655.486880277867,1904012.43998,1182791.2169460023
2021-05-18T03:00:00+03:00,3282.25,3565.71,3240,3375.07,3646.3586208160423,1287110.84143,1197177.5997575023
2021-05-19T03:00:00+03:00,3375.08,3441.73,1888,2438.92,3632.9071471439756,4309836.31939,1369474.9151925023
2021-05-20T03:00:00+03:00,2438.92,2990.05,2155,2768.62,3629.1497095581503,2942777.93009999,1481846.851456502
2021-05-21T03:00:00+03:00,2767.87,2938.54,2101,2430.98,3616.1452727815836,2727031.93514,1583685.4443430018
2021-05-22T03:00:00+03:00,2430.98,2485,2145,2294.87,3590.0403633451956,1684318.01157,1639302.2176965016
2021-05-23T03:00:00+03:00,2295.45,2381.57,1728.74,2096.39,3551.456002928322,2914548.73125,1718575.2511190015
2021-05-24T03:00:00+03:00,2096.63,2675,2079.94,2648.43,3530.698440006845,2186632.92245,1736604.9279625018
2021-05-25T03:00:00+03:00,2647.92,2750,2378.54,2705.11,3517.7043216727147,2115349.50445,1783631.5663910017
2021-05-26T03:00:00+03:00,2705.1,2910,2643,2884.94,3505.481783510503,1583799.59251,1816791.9171635017
2021-05-27T03:00:00+03:00,2884.82,2889.74,2633.68,2742.23,3488.354760287686,1099029.91206,1833716.1803760019
2021-05-28T03:00:00+03:00,2742.23,2762.45,2327.38,2412.1,3453.7408488152523,1554584.61362,1854922.0336310018
2021-05-29T03:00:00+03:00,2412.34,2574.27,2204.1,2278.74,3380.372728808626,1379427.18851,1873873.342646502
2021-05-30T03:00:00+03:00,2278.74,2476.42,2180.53,2385.98,3324.886863467942,1151113.19883,1856134.106282002
2021-05-31T03:00:00+03:00,2385.82,2720,2271.44,2706.15,3301.200453643447,1307958.04068,1866735.653114502
2021-06-01T03:00:00+03:00,2706.15,2740,2523.74,2634.57,3265.350959007878,1179577.10806,1845622.371509002
2021-06-02T03:00:00+03:00,2634.31,2802.99,2550,2706.22,3244.641891820879,970070.53563,1790690.4895770024
2021-06-03T03:00:00+03:00,2706.21,2891.95,2662.4,2857.25,3234.4452362125353,1024290.89423,1784235.5129730024
2021-06-04T03:00:00+03:00,2857.25,2860,2552,2689.51,3206.198288428927,1188314.11191,1791692.4745275024
2021-06-05T03:00:00+03:00,2689.54,2816.87,2552.23,2627.73,3184.475731380446,961824.12413,1773580.3977965028
2021-06-06T03:00:00+03:00,2627.63,2745,2614,2711.92,3170.0941313212916,673792.69369,1712069.410482003
2021-06-07T03:00:00+03:00,2711.92,2847.55,2570,2592.05,3156.176726472649,1152128.07856,1705320.2723385028
2021-06-08T03:00:00+03:00,2592.05,2620.99,2304.91,2507.23,3135.4645901827885,1693747.42759,1574515.827748503
2021-06-09T03:00:00+03:00,2507.43,2626.63,2405.28,2610.18,3131.0141572064263,1276718.24011,1491212.8432490034
2021-06-10T03:00:00+03:00,2610.2,2624.46,2425.11,2471.09,3122.2979790157383,741237.49926,1391923.1214550035
2021-06-11T03:00:00+03:00,2471.01,2497.99,2321.37,2354.01,3117.5745328778157,587364.27358,1337075.4345555035
2021-06-12T03:00:00+03:00,2354.09,2454.53,2256.22,2370.74,3112.946457971803,767439.4984,1229719.9729130035
2021-06-13T03:00:00+03:00,2370.64,2548.41,2308.41,2509.33,3100.539077686864,715948.75986,1156185.7647835037
2021-06-14T03:00:00+03:00,2509.33,2609.17,2461,2580.77,3097.2333006643717,684183.55622,1084627.4673720035
2021-06-15T03:00:00+03:00,2580.58,2640,2507.7,2543.54,3091.564445783353,599826.64933,1035428.8202130037
2021-06-16T03:00:00+03:00,2543.55,2556.19,2351.18,2367.89,3067.57208172959,624741.78358,1011714.4137890037
2021-06-17T03:00:00+03:00,2368.02,2460.5,2306,2373.28,3051.3201532354774,560667.58566,962018.5623910038
2021-06-18T03:00:00+03:00,2373.28,2378,2139,2234.09,3041.3024277324157,778905.20197,931992.4630640037
2021-06-19T03:00:00+03:00,2234.09,2278.82,2161.67,2164.67,3033.3980794393483,496872.24997,899280.4156210037
2021-06-20T03:00:00+03:00,2165.34,2280.01,2040.68,2243.47,3025.0118241397254,743883.64741,871076.6959575036
2021-06-21T03:00:00+03:00,2243.49,2260.16,1865.54,1885.49,2933.937791131987,1629819.66576,893588.8238425037
2021-06-22T03:00:00+03:00,1885.27,1998,1700.48,1879.28,2856.3104371297277,1695338.08052,929852.2010870038
2021-06-23T03:00:00+03:00,1879.29,2045,1821.95,1968.14,2793.930142170405,918612.30494,924568.2716225038
2021-06-24T03:00:00+03:00,1967.95,2036.61,1884.79,1989.52,2714.1611887755002,701231.67478,900214.1497660037
2021-06-25T03:00:00+03:00,1989.53,2019.99,1791.22,1808.82,2623.142163864616,858808.54767,895063.3709430037
2021-06-26T03:00:00+03:00,1808.97,1852.8,1717.32,1829.64,2552.7026566919735,832315.14904,902989.4937105037
2021-06-27T03:00:00+03:00,1829.84,1984.5,1804.26,1982.28,2510.795840397158,696055.79307,880185.8794360037
2021-06-28T03:00:00+03:00,1982.27,2145,1960.52,2084.41,2492.0972602978954,1044244.68308,847710.7422105039
2021-06-29T03:00:00+03:00,2084.42,2245,2073.57,2165.33,2483.491811841898,831257.23277,825437.6918435039
2021-06-30T03:00:00+03:00,2165.46,2287.78,2087.99,2275.68,2478.18318343204,910583.6032,833904.9970405039
2021-07-01T03:00:00+03:00,2275.68,2275.93,2073.12,2106.41,2467.819146848972,787865.25137,843930.045930004
2021-07-02T03:00:00+03:00,2106.41,2160,2018.5,2154.13,2463.108677817548,672282.37476,839172.1897480038
2021-07-03T03:00:00+03:00,2153.95,2240,2112.01,2226.99,2460.4984763663315,569264.801,831837.991805004
2021-07-04T03:00:00+03:00,2226.99,2389.93,2189.58,2322.69,2458.5681527452048,590656.25069,827161.626528504
2021-07-05T03:00:00+03:00,2322.69,2324.64,2157.32,2196.53,2450.7680349813218,781806.31605,836260.609864504
2021-07-06T03:00:00+03:00,2196.85,2350,2193,2322.5,2448.790322154646,785330.17152,844290.029261504
2021-07-07T03:00:00+03:00,2322.51,2409,2291.9,2316.57,2447.9547283592897,666501.35572,849581.7177645039
2021-07-08T03:00:00+03:00,2316.25,2325.6,2084.79,2116.33,2442.0804805849534,880265.04124,854649.7097280038
2021-07-09T03:00:00+03:00,2116.32,2189.4,2046.51,2146.99,2439.7468631905,738611.36304,866736.6653815039
2021-07-10T03:00:00+03:00,2146.99,2194.82,2074.16,2110.69,2437.647397590852,499071.85904,854496.0759630039
2021-07-11T03:00:00+03:00,2110.68,2174,2081.02,2140.45,2434.9909063248365,342294.40302,790119.812826004
2021-07-12T03:00:00+03:00,2140.54,2167.83,2006.68,2031.58,2429.843732955376,540630.10742,732384.414171004
2021-07-13T03:00:00+03:00,2031.57,2047.35,1918,1940.15,2426.4062291088585,647388.24969,718823.2114085039
2021-07-14T03:00:00+03:00,1940.44,2019.18,1865,1994.58,2424.103078073818,690505.60937,718286.9081380039
2021-07-15T03:00:00+03:00,1994.41,2042.88,1881,1919.51,2420.3313835602216,645271.32563,707610.047036004
2021-07-16T03:00:00+03:00,1919.54,1965,1850,1876.26,2416.1864466942047,577068.89724,694847.7344460039
2021-07-17T03:00:00+03:00,1876.47,1919.19,1844.45,1899.59,2412.1770123217943,430300.51578,681559.9705815039
2021-07-18T03:00:00+03:00,1899.5,1993.79,1877.1,1891.64,2407.200360744427,534837.63654,656089.6182545039
2021-07-19T03:00:00+03:00,1891.65,1919,1805,1818.73,2391.4084615197103,547419.93771,641897.753501504
2021-07-20T03:00:00+03:00,1818.73,1841.34,1706,1786.03,2364.5409657874875,786257.272,635681.4369415039
2021-07-21T03:00:00+03:00,1786.03,2035.23,1747.55,1995.5,2354.368698210716,1115949.82033,652085.6653895039
2021-07-22T03:00:00+03:00,1995.5,2046,1947.62,2024.56,2351.2722500601326,768854.3659,656914.2649465039
2021-07-23T03:00:00+03:00,2024.27,2130.9,1993.22,2124.25,2349.9632121545283,708160.91322,663859.070557504
2021-07-24T03:00:00+03:00,2124.26,2199.5,2105.58,2184.75,2348.8847749162974,633075.18592,665980.0173190039
2021-07-25T03:00:00+03:00,2184.9,2197.41,2105.93,2189.79,2346.6345628947815,535630.27,653671.2150165039
2021-07-26T03:00:00+03:00,2189.82,2433.65,2171.57,2228.08,2345.9087716902845,1393738.163,684091.614590504
2021-07-27T03:00:00+03:00,2227.81,2319.26,2150.5,2299.49,2345.648114925651,906359.23478,696084.5085435039
2021-07-28T03:00:00+03:00,2299.47,2345,2243.15,2300.9,2345.418512519586,718202.57727,687981.3853450039
2021-07-29T03:00:00+03:00,2300.9,2400,2266.12,2382.92,2346.884774516766,499364.83496,676019.058941004
2021-07-30T03:00:00+03:00,2382.93,2471.7,2315.92,2461.81,2352.235608883644,762577.28797,689194.3303875041
2021-07-31T03:00:00+03:00,2461.77,2553.86,2420.68,2531.05,2364.4456349099114,507601.05026,697459.662749504
2021-08-01T03:00:00+03:00,2531.1,2697.61,2511.24,2555.69,2377.343078533672,853495.94078,713102.9544175041
2021-08-02T03:00:00+03:00,2555.5,2666,2507,2606.93,2405.100509001939,726701.84952,717068.6344090041
2021-08-03T03:00:00+03:00,2606.92,2632.44,2442.32,2509.04,2417.3329251850273,792960.84375,722191.3961280041
2021-08-04T03:00:00+03:00,2508.51,2772.71,2457.68,2724.78,2461.8548636409296,954590.7536,737657.367526504
2021-08-05T03:00:00+03:00,2724.55,2843.98,2529.91,2826.99,2535.7117153147137,1307720.20654,774189.932991504
2021-08-06T03:00:00+03:00,2827.01,2946.75,2720.06,2891.58,2620.853423113542,825399.48637,793944.881521004
2021-08-07T03:00:00+03:00,2891.54,3171,2865.5,3160.31,2763.8820429639686,1205277.10095,827466.8547415042
2021-08-08T03:00:00+03:00,3160.48,3189.99,2949.03,3011.85,2810.5635530793984,966349.70579,848413.3431455042
2021-08-09T03:00:00+03:00,3011.84,3186,2893.23,3160.52,2894.3506151379747,1129584.61614,865579.7103525043
2021-08-10T03:00:00+03:00,3160.51,3233,3051.22,3141.66,2955.398488657839,880675.74443,853816.0065575043
2021-08-11T03:00:00+03:00,3141.14,3274,3120.27,3160.5,3002.2252111747043,732546.60433,852000.6184790044
2021-08-12T03:00:00+03:00,3160.4,3239,2979.29,3045.96,3009.558336537344,737628.45808,853473.9957220044
2021-08-13T03:00:00+03:00,3046.11,3327.83,3033.8,3322.32,3068.0973783107756,579333.40323,850786.9065875044
2021-08-14T03:00:00+03:00,3322.33,3330.98,3200,3263.16,3098.7000114963616,486102.53787,848310.5199810045
2021-08-15T03:00:00+03:00,3263.16,3320,3111.13,3307.09,3132.2678320223836,565579.67765,806902.5957135044
2021-08-16T03:00:00+03:00,3307.35,3335,3135.22,3146.53,3133.778074369634,635667.05422,793367.9866855044
2021-08-17T03:00:00+03:00,3147.18,3290,2991.89,3011.72,3125.4668294322805,804996.06971,797707.6613075044
2021-08-18T03:00:00+03:00,3011.73,3125.81,2950,3014.55,3117.898955043561,625103.25568,803994.5823435044
2021-08-19T03:00:00+03:00,3014.18,3188,2958.33,3184.12,3122.9735308646123,634769.92174,797604.2140320044
2021-08-20T03:00:00+03:00,3184.11,3300,3177.16,3284.82,3135.710084207445,558127.4554,800130.5342890044
2021-08-21T03:00:00+03:00,3284.81,3309.16,3207,3223.43,3141.055863721994,421156.09084,778513.5417920044
2021-08-22T03:00:00+03:00,3223.36,3272,3126.42,3238,3146.8752622680795,406479.07654,762502.4031430044
2021-08-23T03:00:00+03:00,3238,3377.89,3230.02,3321.28,3157.850420934613,602103.44614,752959.5332625045
2021-08-24T03:00:00+03:00,3321.28,3357.85,3147.31,3170.62,3158.545031400839,540480.07853,732253.9995090045
2021-08-25T03:00:00+03:00,3170.63,3248,3080,3226.87,3161.328556108237,483697.69444,691052.8739040045
2021-08-26T03:00:00+03:00,3226.88,3250,3053.3,3093.2,3160.063047766967,442298.47372,671897.8232715044
2021-08-27T03:00:00+03:00,3093.06,3280,3060.18,3273.45,3163.0536857316692,451027.80711,634185.3585795044
2021-08-28T03:00:00+03:00,3273.89,3287,3210.31,3244.48,3163.69195940696,262360.34921,598985.8907505043
2021-08-29T03:00:00+03:00,3244.75,3285,3152.34,3223.47,3164.6840128641497,335806.7827,559296.9990785044
2021-08-30T03:00:00+03:00,3223.47,3347.95,3143,3229.64,3165.177248558622,625347.27541,546530.5756275044
2021-08-31T03:00:00+03:00,3229.14,3476,3188.77,3429.2,3171.1372128778007,863071.13092,553056.8019570045
2021-09-01T03:00:00+03:00,3429.19,3842,3382.22,3826.82,3206.363307667941,845759.95868,558463.3769870044
2021-09-02T03:00:00+03:00,3826.82,3836.8,3717.04,3785.82,3244.377109833668,525165.7996,555754.9968055044
2021-09-03T03:00:00+03:00,3785.82,4027.88,3705.05,3938.11,3282.038080572932,655903.75739,564245.0577815045
2021-09-04T03:00:00+03:00,3938.11,3970,3832.5,3885.52,3315.4518878844583,364478.1193,554189.9798640044
2021-09-05T03:00:00+03:00,3885.61,3980,3830,3950.29,3351.8242889149215,365759.8597,540694.6201380044
2021-09-06T03:00:00+03:00,3950.28,3970,3864.3,3926.77,3400.3852932124964,397768.5783,520333.24556750443
2021-09-07T03:00:00+03:00,3926.67,3947.15,3005,3434.57,3401.362162075639,1203536.00209,549254.8828880044
2021-09-08T03:00:00+03:00,3434.84,3560,3215.16,3499,3404.5720918835855,780611.7657,556546.9750860044
2021-09-09T03:00:00+03:00,3499.01,3567.06,3390.4,3424.93,3404.8895682567313,628553.8831,560068.2964710044
2021-09-10T03:00:00+03:00,3424.94,3514.11,3150,3208.86,3403.5497812230474,633026.2659,570661.8052240044
2021-09-11T03:00:00+03:00,3208.85,3348.37,3200,3267.21,3402.7831547895703,413524.1761,571014.0602020044
2021-09-12T03:00:00+03:00,3267.1,3474.16,3231.1,3404.21,3402.7981337647825,408858.9595,561351.8358700044
2021-09-13T03:00:00+03:00,3404.3,3430.3,3108.49,3285.35,3402.1791536328087,647855.7199,566720.6179385043
2021-09-14T03:00:00+03:00,3285.09,3437.05,3269.95,3434.37,3402.673878491679,373634.9026,561217.4783465044
2021-09-15T03:00:00+03:00,3434.37,3616.16,3357.78,3613.55,3407.2833611946758,428507.5278,560527.9310505043
2021-09-16T03:00:00+03:00,3613.55,3676.28,3481.14,3567.98,3411.9369285274893,467985.4919,561375.8152900044
2021-09-17T03:00:00+03:00,3567.97,3594.17,3350.07,3399.81,3411.8326048844415,398888.3705,568202.2163545045
2021-09-18T03:00:00+03:00,3399.89,3541.96,3368.88,3435.64,3412.105834113456,315162.7627,567170.0153545045
2021-09-19T03:00:00+03:00,3435.64,3456.53,3277.74,3328.62,3411.4706704304554,312948.0013,551550.0516490045
2021-09-20T03:00:00+03:00,3328.57,3347.82,2913.39,2977.28,3405.924474942325,917939.57849,554293.4740275044
2021-09-21T03:00:00+03:00,2977.32,3105.83,2652,2765.9,3382.4408938036813,971519.88941,560581.4705640044
2021-09-22T03:00:00+03:00,2766.72,3088.88,2737.54,3076.92,3368.6821003789305,677457.64825,568196.0629965045
2021-09-23T03:00:00+03:00,3076.92,3174.5,3033.85,3152.5,3361.053413664895,459293.8858,558365.5694170045
2021-09-24T03:00:00+03:00,3152.41,3158.52,2733,2928.53,3332.5578187922692,932090.8856,586746.2077320045
2021-09-25T03:00:00+03:00,2928.22,2967.52,2801.57,2921.73,3306.7460210113322,491974.0226,593056.9158770045
2021-09-26T03:00:00+03:00,2921.84,3115.51,2738.17,3059.37,3293.356867170625,703594.478,608348.2108620045
2021-09-27T03:00:00+03:00,3059.36,3164.94,2922.71,2925.59,3270.894636821297,510130.7319,573677.9473525046
2021-09-28T03:00:00+03:00,2924.76,2970.82,2789,2804.91,3253.3658249590203,511325.4643,560213.6322825046
2021-09-29T03:00:00+03:00,2805.15,2950,2782,2850.45,3237.457979284676,411305.0893,549351.1925925046
2021-09-30T03:00:00+03:00,2850.45,3048.42,2837.19,3000.61,3232.1244825900153,506896.7612,543044.7173575045
2021-10-01T03:00:00+03:00,3000.62,3330,2969.07,3309.91,3232.67672334392,648714.6151,554804.2393075045
2021-10-02T03:00:00+03:00,3309.91,3469,3257,3387.76,3233.875591681249,422551.1811,555488.8503875046
2021-10-03T03:00:00+03:00,3387.77,3488,3342.51,3417.73,3234.706368890221,360586.8905,541125.4089175045
2021-10-04T03:00:00+03:00,3417.73,3437.19,3270,3386.31,3235.812859179308,485204.642,546703.8958875046
2021-10-05T03:00:00+03:00,3386.31,3545,3363.78,3515.27,3237.6640533141385,393900.8818,544973.5635875046
2021-10-06T03:00:00+03:00,3515.48,3632.11,3342,3574.89,3239.4572172154108,618265.5402,552487.5660025046
2021-10-07T03:00:00+03:00,3574.88,3653.98,3470.8,3587.47,3241.1043430689933,486102.3591,556848.2654325046
2021-10-08T03:00:00+03:00,3587.47,3695,3532,3563.13,3244.488016921939,403597.1437,561269.9844825045
2021-10-09T03:00:00+03:00,3563.13,3635,3538.07,3574.82,3247.6085354426764,361906.7514,563717.9219875045
2021-10-10T03:00:00+03:00,3574.83,3604,3405,3414.22,3248.78962481332,580223.6302,546832.1245730045
2021-10-11T03:00:00+03:00,3414.22,3623.8,3371,3542.12,3261.3110955257944,493521.882,522932.2242025045
2021-10-12T03:00:00+03:00,3542.12,3547.11,3403.21,3491.46,3276.893191983931,409377.1918,509528.20138000447
2021-10-13T03:00:00+03:00,3491.43,3613,3412.7,3607.42,3293.0808665497098,393463.1222,506236.6632000044
2021-10-14T03:00:00+03:00,3607.41,3824,3586.04,3790.82,3322.636473558869,481894.1372,483726.8257800044
2021-10-15T03:00:00+03:00,3790.82,3907.77,3734.1,3868.99,3388.712895592242,504321.732,484344.21125000436
2021-10-16T03:00:00+03:00,3868.38,3971,3803.56,3829.96,3437.852080158288,373727.8549,467850.8800950044
2021-10-17T03:00:00+03:00,3829.96,3919.19,3640,3846.85,3477.84167957653,368898.9831,460789.29265500436
2021-10-18T03:00:00+03:00,3847,3893.14,3676,3744.96,3506.4268072632067,401819.9734,455314.0181100044
2021-10-19T03:00:00+03:00,3744.96,3886.89,3732,3877.03,3567.5359875595673,341268.3723,451812.1822600045
2021-10-20T03:00:00+03:00,3876.98,4169,3828.05,4161.15,3679.9811809722873,537383.09732,453336.49906600453
2021-10-21T03:00:00+03:00,4161.37,4375,4013.13,4052.99,3730.5398585622856,798566.55805,460829.0962135045
2021-10-22T03:00:00+03:00,4053,4167.41,3888,3972.2,3749.368396571827,463222.5428,462862.6642985045
2021-10-23T03:00:00+03:00,3972.19,4172,3937.51,4167.12,3787.490025847925,326511.4251,461158.8910285045
2021-10-24T03:00:00+03:00,4167.13,4186.57,3961.5,4082.33,3807.6707677532836,350115.8386,454404.4508585046
2021-10-25T03:00:00+03:00,4082.33,4236,4067.71,4220.37,3844.697032517425,347438.6534,452081.33943850466
2021-10-26T03:00:00+03:00,4220.36,4297,4090.21,4131.52,3861.4220969698886,414498.1599,441892.9704235046
2021-10-27T03:00:00+03:00,4131.52,4307,3909,3922,3862.9253199194945,704604.25,452818.0649685046
2021-10-28T03:00:00+03:00,3921.99,4295,3890.17,4286.02,3884.60568177083,626378.5055,463957.13305850455
2021-10-29T03:00:00+03:00,4286.01,4460.47,4265.97,4418.89,3919.3034889988435,559231.07691,473823.3493340046
2021-10-30T03:00:00+03:00,4418.89,4434.06,4232.2,4322.68,3939.8695505564087,340223.069,461823.3212740046
2021-10-31T03:00:00+03:00,4322.68,4399.14,4164.35,4287.21,3963.6452566321373,412856.2893,457790.04163900466
2021-11-01T02:00:00+02:00,4287.48,4386.58,4146.3,4319.43,3985.274936800517,417620.7073,458202.2174140046
2021-11-02T02:00:00+02:00,4319.43,4599.6,4284.43,4589.89,4040.233870312863,468184.79301,461938.3009545047
2021-11-03T02:00:00+02:00,4589.68,4665.87,4455,4603.35,4086.8053293475614,448658.35125,460276.5116570047
2021-11-04T02:00:00+02:00,4603.35,4606.65,4420.08,4532.32,4112.0081232443235,368218.25695,453471.3379045047
2021-11-05T02:00:00+02:00,4532.31,4570.05,4438.8,4474.24,4127.545323260348,305651.7244,450067.5313795047
2021-11-06T02:00:00+02:00,4474.24,4530,4326.17,4518,4147.543457288223,322154.0973,447730.28708950465
2021-11-07T02:00:00+02:00,4518,4637.98,4502.37,4612.59,4174.168931223472,243596.5952,439819.11817950464
2021-11-08T02:00:00+02:00,4612.59,4822.97,4612,4807.98,4230.762604136916,391102.31806,442310.8154675046
2021-11-09T02:00:00+02:00,4807.98,4838.28,4713.89,4732.33,4263.893132502432,311267.57998,431005.0396005047
2021-11-10T02:00:00+02:00,4732.33,4868,4461.93,4628.78,4275.373897438758,553596.99163,418756.5612795047
2021-11-11T02:00:00+02:00,4628.68,4779,4576.47,4719,4298.119499713178,303688.9765,410779.88296450465
2021-11-12T02:00:00+02:00,4719,4809.71,4507.85,4665.46,4318.394855785253,461580.0415,417533.31378450466
2021-11-13T02:00:00+02:00,4665.47,4707.6,4584.08,4644.28,4330.255549108871,220720.6611,411063.55490950466
2021-11-14T02:00:00+02:00,4644.27,4696.05,4514.12,4626.5,4343.68119825204,245309.0674,405957.07560950465
2021-11-15T02:00:00+02:00,4626.5,4772.01,4540,4563.78,4349.418394685028,375421.6601,404003.25061950466
2021-11-16T02:00:00+02:00,4563.77,4563.77,4103,4209.76,4348.42958900028,735857.063,405565.8912695047
2021-11-17T02:00:00+02:00,4209.59,4299.91,4063.48,4287.8,4346.844810586178,472852.1842,397889.57520450465
2021-11-18T02:00:00+02:00,4288.07,4344.81,3956.44,3996.9,4339.601685463152,576945.1837,398775.28054400464
2021-11-19T02:00:00+02:00,3996.9,4308.97,3973.01,4294.76,4339.186792775365,420045.0897,402766.38157900464
2021-11-20T02:00:00+02:00,4294.75,4435.88,4199.86,4412.17,4339.741011312805,365584.578,400402.7960140046
2021-11-21T02:00:00+02:00,4412.17,4451,4242.41,4258.31,4339.325120008793,340206.3203,396532.0766640046
2021-11-22T02:00:00+02:00,4259.7,4320,4022.74,4085.97,4335.810802577842,518501.3338,399047.9037035046
2021-11-23T02:00:00+02:00,4086.28,4385.59,4059.62,4339.44,4335.864840451021,502811.7902,401755.57565100456
2021-11-24T02:00:00+02:00,4339.45,4373.94,4167.65,4269.36,4334.569011189594,448727.0306,405781.0143335046
2021-11-25T02:00:00+02:00,4270.1,4550,4248.27,4524.85,4335.399661691148,445868.2434,412791.84028350457
2021-11-26T02:00:00+02:00,4524.48,4551,3913,4041.2,4329.31778641718,720245.1612,432696.39347850456
2021-11-27T02:00:00+02:00,4041.2,4183.66,4028.34,4095.29,4324.622349749762,275326.5202,434282.8897285045
2021-11-28T02:00:00+02:00,4095.29,4298.51,3964,4294.78,4324.187503459395,346471.3551,432051.34158050444
2021-11-29T02:00:00+02:00,4294.77,4458.92,4276.89,4444.53,4326.210644130856,406881.2284,436832.02400150447
2021-11-30T02:00:00+02:00,4444.54,4753,4346.36,4630.26,4328.26594561026,743024.4662,446303.3977300045
2021-12-01T02:00:00+02:00,4630.25,4778.75,4523.99,4582.95,4329.607829643003,508198.3105,456528.86443000444
2021-12-02T02:00:00+02:00,4582.95,4634.83,4433,4511.21,4331.473731767712,451861.9545,456042.9600800045
2021-12-03T02:00:00+02:00,4511.35,4654.88,4032.5,4215.73,4329.238336941327,677971.3278,478905.49341500446
2021-12-04T02:00:00+02:00,4215.01,4238.59,3503.68,4117.25,4324.471512426969,1111470.7224,522213.5761650045
2021-12-05T02:00:00+02:00,4117.25,4248.19,4031.39,4196.44,4322.203504029483,536325.4413,530258.7652250045
2021-12-06T02:00:00+02:00,4196.44,4376.15,3921,4347.59,4322.448276092788,726104.9849,529771.1613200045
2021-12-07T02:00:00+02:00,4347.57,4425,4257.42,4284.52,4322.2200507883845,388301.4695,525543.6255850045